id,surface,corpus,group,slot,mode,kind,text,renders,retrieval,constraints
hub.all.title.search,hub-title,all,the whole,,search,suggestion,Search the federal record for a phrase.,"hub, resting state (the h1)",,measured to wrap at 1100/390 — a longer sentence changes the page
hub.all.title.explorer,hub-title,all,the whole,,explorer,suggestion,Ask the federal record a question.,"hub, resting state (the h1); explorer empty state (the heading)",,"measured to wrap at 1100/390 — a longer sentence changes the page; mirrored: this exact string is also the Explorer empty state’s heading in app/src/explorer/components/EmptyState.tsx, and the importer writes both files from this one row"
hub.all.s1.query,hub-sample,all,the whole,1,search,suggestion,Freedom of Information Act,"hub, resting state (typed into the box)",checked 2026-09-18 via /corpus/hub/keyword scoped to this corpus (hits not recorded),"keyword mode — a phrase, a name or a citation, never a question"
hub.all.s1.question,hub-sample,all,the whole,1,explorer,suggestion,What has the Office of Legal Counsel said about the Freedom of Information Act’s exemptions? List the opinions.,"hub, resting state (typed into the box); explorer empty state (an example button)",,"explorer mode — the topic in the reader’s own words; mirrored: this exact string is also EXAMPLE_QUESTIONS[].text in app/src/explorer/model/examples.ts, and the importer writes both files from this one row; the answer shape is a list — the wording must keep asking for one (""List the opinions."")"
hub.all.s2.query,hub-sample,all,the whole,2,search,suggestion,artificial intelligence,"hub, resting state (typed into the box)",checked 2026-09-18 via /corpus/hub/keyword scoped to this corpus (hits not recorded),"keyword mode — a phrase, a name or a citation, never a question"
hub.all.s2.question,hub-sample,all,the whole,2,explorer,suggestion,How many rules and proposed rules about artificial intelligence has the Federal Register published since 1994?,"hub, resting state (typed into the box); explorer empty state (an example button)",,"explorer mode — the topic in the reader’s own words; mirrored: this exact string is also EXAMPLE_QUESTIONS[].text in app/src/explorer/model/examples.ts, and the importer writes both files from this one row; the answer shape is a count — the wording must keep asking ""How many…"""
hub.all.s3.query,hub-sample,all,the whole,3,search,suggestion,Administrative Procedure Act,"hub, resting state (typed into the box)",checked 2026-09-18 via /corpus/hub/keyword scoped to this corpus (hits not recorded),"keyword mode — a phrase, a name or a citation, never a question"
hub.all.s3.question,hub-sample,all,the whole,3,explorer,suggestion,How have federal courts handled challenges to agency rulemaking since January 2025? A short narrative with citations.,"hub, resting state (typed into the box); explorer empty state (an example button)",,"explorer mode — the topic in the reader’s own words; mirrored: this exact string is also EXAMPLE_QUESTIONS[].text in app/src/explorer/model/examples.ts, and the importer writes both files from this one row; the answer shape is a narrative — the wording must keep asking for one (""A short narrative with citations."")"
hub.usc.title.search,hub-title,usc,The law,,search,suggestion,Search the U.S. Code for a section or a term.,"hub, resting state (the h1)",,measured to wrap at 1100/390 — a longer sentence changes the page
hub.usc.title.explorer,hub-title,usc,The law,,explorer,suggestion,Ask the U.S. Code what the law says.,"hub, resting state (the h1)",,measured to wrap at 1100/390 — a longer sentence changes the page
hub.usc.s1.query,hub-sample,usc,The law,1,search,suggestion,8 U.S.C. 1225,"hub, resting state (typed into the box)",checked 2026-09-18 via /corpus/hub/keyword scoped to this corpus (hits not recorded),"keyword mode — a phrase, a name or a citation, never a question"
hub.usc.s1.question,hub-sample,usc,The law,1,explorer,suggestion,What does the law require before someone is removed without a hearing?,"hub, resting state (typed into the box)",,explorer mode — the topic in the reader’s own words
hub.usc.s2.query,hub-sample,usc,The law,2,search,suggestion,insurrection,"hub, resting state (typed into the box)",checked 2026-09-18 via /corpus/hub/keyword scoped to this corpus (hits not recorded),"keyword mode — a phrase, a name or a citation, never a question"
hub.usc.s2.question,hub-sample,usc,The law,2,explorer,suggestion,Which statutes let the President use the armed forces against an insurrection?,"hub, resting state (typed into the box)",,explorer mode — the topic in the reader’s own words
hub.usc.s3.query,hub-sample,usc,The law,3,search,suggestion,inspector general,"hub, resting state (typed into the box)",checked 2026-09-18 via /corpus/hub/keyword scoped to this corpus (hits not recorded),"keyword mode — a phrase, a name or a citation, never a question"
hub.usc.s3.question,hub-sample,usc,The law,3,explorer,suggestion,What must the President tell Congress before removing an inspector general?,"hub, resting state (typed into the box)",,explorer mode — the topic in the reader’s own words
hub.cfr.title.search,hub-title,cfr,The law,,search,suggestion,Search the regulations for a part or a term.,"hub, resting state (the h1)",,measured to wrap at 1100/390 — a longer sentence changes the page; the CFR is current state only — nothing may ask how a rule changed
hub.cfr.title.explorer,hub-title,cfr,The law,,explorer,suggestion,Ask the regulations what the agencies require.,"hub, resting state (the h1)",,measured to wrap at 1100/390 — a longer sentence changes the page; the CFR is current state only — nothing may ask how a rule changed
hub.cfr.s1.query,hub-sample,cfr,The law,1,search,suggestion,reduction in force,"hub, resting state (typed into the box)",checked 2026-09-18 via /corpus/hub/keyword scoped to this corpus (hits not recorded),"keyword mode — a phrase, a name or a citation, never a question; the CFR is current state only — nothing may ask how a rule changed"
hub.cfr.s1.question,hub-sample,cfr,The law,1,explorer,suggestion,What do the regulations in force require before an agency cuts federal jobs?,"hub, resting state (typed into the box)",,explorer mode — the topic in the reader’s own words; the CFR is current state only — nothing may ask how a rule changed
hub.cfr.s2.query,hub-sample,cfr,The law,2,search,suggestion,asylum,"hub, resting state (typed into the box)",checked 2026-09-18 via /corpus/hub/keyword scoped to this corpus (hits not recorded),"keyword mode — a phrase, a name or a citation, never a question; the CFR is current state only — nothing may ask how a rule changed"
hub.cfr.s2.question,hub-sample,cfr,The law,2,explorer,suggestion,What do the current rules require of someone applying for asylum?,"hub, resting state (typed into the box)",,explorer mode — the topic in the reader’s own words; the CFR is current state only — nothing may ask how a rule changed
hub.cfr.s3.query,hub-sample,cfr,The law,3,search,suggestion,security clearance,"hub, resting state (typed into the box)",checked 2026-09-18 via /corpus/hub/keyword scoped to this corpus (hits not recorded),"keyword mode — a phrase, a name or a citation, never a question; the CFR is current state only — nothing may ask how a rule changed"
hub.cfr.s3.question,hub-sample,cfr,The law,3,explorer,suggestion,What do the regulations require before an agency grants a security clearance?,"hub, resting state (typed into the box)",,explorer mode — the topic in the reader’s own words; the CFR is current state only — nothing may ask how a rule changed
hub.congress.title.search,hub-title,congress,The law,,search,suggestion,"Search Congress for a law, a bill, a hearing.","hub, resting state (the h1)",,measured to wrap at 1100/390 — a longer sentence changes the page; Congress reaches 1789 only for public laws; hearings from 1933
hub.congress.title.explorer,hub-title,congress,The law,,explorer,suggestion,"Ask Congress what it passed, and what it heard.","hub, resting state (the h1)",,measured to wrap at 1100/390 — a longer sentence changes the page; Congress reaches 1789 only for public laws; hearings from 1933
hub.congress.s1.query,hub-sample,congress,The law,1,search,suggestion,War Powers Resolution,"hub, resting state (typed into the box)",checked 2026-09-18 via /corpus/hub/keyword scoped to this corpus (hits not recorded),"keyword mode — a phrase, a name or a citation, never a question; Congress reaches 1789 only for public laws; hearings from 1933"
hub.congress.s1.question,hub-sample,congress,The law,1,explorer,suggestion,"Which public law is the War Powers Resolution, and what does it require?","hub, resting state (typed into the box)",,explorer mode — the topic in the reader’s own words; Congress reaches 1789 only for public laws; hearings from 1933
hub.congress.s2.query,hub-sample,congress,The law,2,search,suggestion,Foreign Intelligence Surveillance Act,"hub, resting state (typed into the box)",checked 2026-09-18 via /corpus/hub/keyword scoped to this corpus (hits not recorded),"keyword mode — a phrase, a name or a citation, never a question; Congress reaches 1789 only for public laws; hearings from 1933"
hub.congress.s2.question,hub-sample,congress,The law,2,explorer,suggestion,Which public laws have amended the Foreign Intelligence Surveillance Act?,"hub, resting state (typed into the box)",,explorer mode — the topic in the reader’s own words; Congress reaches 1789 only for public laws; hearings from 1933
hub.congress.s3.query,hub-sample,congress,The law,3,search,suggestion,impoundment,"hub, resting state (typed into the box)",checked 2026-09-18 via /corpus/hub/keyword scoped to this corpus (hits not recorded),"keyword mode — a phrase, a name or a citation, never a question; Congress reaches 1789 only for public laws; hearings from 1933"
hub.congress.s3.question,hub-sample,congress,The law,3,explorer,suggestion,What have witnesses told congressional hearings about impounded funds?,"hub, resting state (typed into the box)",,explorer mode — the topic in the reader’s own words; Congress reaches 1789 only for public laws; hearings from 1933
hub.fr.title.search,hub-title,fr,The law,,search,suggestion,Search the Federal Register for a rule.,"hub, resting state (the h1)",,measured to wrap at 1100/390 — a longer sentence changes the page; the Federal Register’s rules are complete from 1994; notices are still loading
hub.fr.title.explorer,hub-title,fr,The law,,explorer,suggestion,Ask the Federal Register which rules changed.,"hub, resting state (the h1)",,measured to wrap at 1100/390 — a longer sentence changes the page; the Federal Register’s rules are complete from 1994; notices are still loading
hub.fr.s1.query,hub-sample,fr,The law,1,search,suggestion,cyber incident reporting,"hub, resting state (typed into the box)",checked 2026-09-18 via /corpus/hub/keyword scoped to this corpus (hits not recorded),"keyword mode — a phrase, a name or a citation, never a question; the Federal Register’s rules are complete from 1994; notices are still loading"
hub.fr.s1.question,hub-sample,fr,The law,1,explorer,suggestion,Which rules require a company to report a cyber incident to the government?,"hub, resting state (typed into the box)",,explorer mode — the topic in the reader’s own words; the Federal Register’s rules are complete from 1994; notices are still loading
hub.fr.s2.query,hub-sample,fr,The law,2,search,suggestion,semiconductor export controls,"hub, resting state (typed into the box)",checked 2026-09-18 via /corpus/hub/keyword scoped to this corpus (hits not recorded),"keyword mode — a phrase, a name or a citation, never a question; the Federal Register’s rules are complete from 1994; notices are still loading"
hub.fr.s2.question,hub-sample,fr,The law,2,explorer,suggestion,What rules control the export of semiconductor manufacturing equipment?,"hub, resting state (typed into the box)",,explorer mode — the topic in the reader’s own words; the Federal Register’s rules are complete from 1994; notices are still loading
hub.fr.s3.query,hub-sample,fr,The law,3,search,suggestion,immigration detention,"hub, resting state (typed into the box)",checked 2026-09-18 via /corpus/hub/keyword scoped to this corpus (hits not recorded),"keyword mode — a phrase, a name or a citation, never a question; the Federal Register’s rules are complete from 1994; notices are still loading"
hub.fr.s3.question,hub-sample,fr,The law,3,explorer,suggestion,What rules have agencies written about immigration detention since 1994?,"hub, resting state (typed into the box)",,explorer mode — the topic in the reader’s own words; the Federal Register’s rules are complete from 1994; notices are still loading
hub.presidential.title.search,hub-title,presidential,The law,,search,suggestion,Search the presidency’s orders for a name.,"hub, resting state (the h1)",,"measured to wrap at 1100/390 — a longer sentence changes the page; this keyword index matches loosely — check a query by reading the order titles it returns, never by its count"
hub.presidential.title.explorer,hub-title,presidential,The law,,explorer,suggestion,Ask the presidency what it ordered.,"hub, resting state (the h1)",,"measured to wrap at 1100/390 — a longer sentence changes the page; this keyword index matches loosely — check a query by reading the order titles it returns, never by its count"
hub.presidential.s1.query,hub-sample,presidential,The law,1,search,suggestion,International Emergency Economic Powers Act,"hub, resting state (typed into the box)",checked 2026-09-18 via /corpus/hub/keyword scoped to this corpus (hits not recorded),"keyword mode — a phrase, a name or a citation, never a question; this keyword index matches loosely — check a query by reading the order titles it returns, never by its count"
hub.presidential.s1.question,hub-sample,presidential,The law,1,explorer,suggestion,Which executive orders invoke the International Emergency Economic Powers Act?,"hub, resting state (typed into the box)",,"explorer mode — the topic in the reader’s own words; this keyword index matches loosely — check a query by reading the order titles it returns, never by its count"
hub.presidential.s2.query,hub-sample,presidential,The law,2,search,suggestion,national emergency,"hub, resting state (typed into the box)",checked 2026-09-18 via /corpus/hub/keyword scoped to this corpus (hits not recorded),"keyword mode — a phrase, a name or a citation, never a question; this keyword index matches loosely — check a query by reading the order titles it returns, never by its count"
hub.presidential.s2.question,hub-sample,presidential,The law,2,explorer,suggestion,"Which national emergencies has the President declared, and under what authority?","hub, resting state (typed into the box)",,"explorer mode — the topic in the reader’s own words; this keyword index matches loosely — check a query by reading the order titles it returns, never by its count"
hub.presidential.s3.query,hub-sample,presidential,The law,3,search,suggestion,declassification,"hub, resting state (typed into the box)",checked 2026-09-18 via /corpus/hub/keyword scoped to this corpus (hits not recorded),"keyword mode — a phrase, a name or a citation, never a question; this keyword index matches loosely — check a query by reading the order titles it returns, never by its count"
hub.presidential.s3.question,hub-sample,presidential,The law,3,explorer,suggestion,Which executive orders have directed agencies to declassify records?,"hub, resting state (typed into the box)",,"explorer mode — the topic in the reader’s own words; this keyword index matches loosely — check a query by reading the order titles it returns, never by its count"
hub.olc.title.search,hub-title,olc,As read,,search,suggestion,Search the OLC’s opinions for a phrase.,"hub, resting state (the h1)",,measured to wrap at 1100/390 — a longer sentence changes the page
hub.olc.title.explorer,hub-title,olc,As read,,explorer,suggestion,Ask the OLC what the executive may do.,"hub, resting state (the h1)",,measured to wrap at 1100/390 — a longer sentence changes the page
hub.olc.s1.query,hub-sample,olc,As read,1,search,suggestion,war powers,"hub, resting state (typed into the box)",checked 2026-09-18 via /corpus/hub/keyword scoped to this corpus (hits not recorded),"keyword mode — a phrase, a name or a citation, never a question"
hub.olc.s1.question,hub-sample,olc,As read,1,explorer,suggestion,How has OLC read the President’s power to use military force without Congress?,"hub, resting state (typed into the box)",,explorer mode — the topic in the reader’s own words
hub.olc.s2.query,hub-sample,olc,As read,2,search,suggestion,executive privilege,"hub, resting state (typed into the box)",checked 2026-09-18 via /corpus/hub/keyword scoped to this corpus (hits not recorded),"keyword mode — a phrase, a name or a citation, never a question"
hub.olc.s2.question,hub-sample,olc,As read,2,explorer,suggestion,How has OLC described executive privilege over White House communications?,"hub, resting state (typed into the box)",,explorer mode — the topic in the reader’s own words
hub.olc.s3.query,hub-sample,olc,As read,3,search,suggestion,recess appointments,"hub, resting state (typed into the box)",checked 2026-09-18 via /corpus/hub/keyword scoped to this corpus (hits not recorded),"keyword mode — a phrase, a name or a citation, never a question"
hub.olc.s3.question,hub-sample,olc,As read,3,explorer,suggestion,What has OLC concluded about the President’s power to make recess appointments?,"hub, resting state (typed into the box)",,explorer mode — the topic in the reader’s own words
hub.litigation.title.search,hub-title,litigation,As read,,search,suggestion,Search the dockets for a case or a party.,"hub, resting state (the h1)",,"measured to wrap at 1100/390 — a longer sentence changes the page; litigation starts 2025-01-20, and its keyword index runs over docket-entry descriptions — a multi-word subject phrase matches near-randomly there"
hub.litigation.title.explorer,hub-title,litigation,As read,,explorer,suggestion,Ask the federal courts what was filed since 2025.,"hub, resting state (the h1)",,"measured to wrap at 1100/390 — a longer sentence changes the page; litigation starts 2025-01-20, and its keyword index runs over docket-entry descriptions — a multi-word subject phrase matches near-randomly there"
hub.litigation.s1.query,hub-sample,litigation,As read,1,search,suggestion,deportation,"hub, resting state (typed into the box)",checked 2026-09-18 via /corpus/hub/keyword scoped to this corpus (hits not recorded),"keyword mode — a phrase, a name or a citation, never a question; litigation starts 2025-01-20, and its keyword index runs over docket-entry descriptions — a multi-word subject phrase matches near-randomly there"
hub.litigation.s1.question,hub-sample,litigation,As read,1,explorer,suggestion,What has been filed in the deportation cases since January 2025?,"hub, resting state (typed into the box)",,"explorer mode — the topic in the reader’s own words; litigation starts 2025-01-20, and its keyword index runs over docket-entry descriptions — a multi-word subject phrase matches near-randomly there"
hub.litigation.s2.query,hub-sample,litigation,As read,2,search,suggestion,habeas,"hub, resting state (typed into the box)",checked 2026-09-18 via /corpus/hub/keyword scoped to this corpus (hits not recorded),"keyword mode — a phrase, a name or a citation, never a question; litigation starts 2025-01-20, and its keyword index runs over docket-entry descriptions — a multi-word subject phrase matches near-randomly there"
hub.litigation.s2.question,hub-sample,litigation,As read,2,explorer,suggestion,What have habeas petitions asked the courts to do since January 2025?,"hub, resting state (typed into the box)",,"explorer mode — the topic in the reader’s own words; litigation starts 2025-01-20, and its keyword index runs over docket-entry descriptions — a multi-word subject phrase matches near-randomly there"
hub.litigation.s3.query,hub-sample,litigation,As read,3,search,suggestion,FOIA,"hub, resting state (typed into the box)",checked 2026-09-18 via /corpus/hub/keyword scoped to this corpus (hits not recorded),"keyword mode — a phrase, a name or a citation, never a question; litigation starts 2025-01-20, and its keyword index runs over docket-entry descriptions — a multi-word subject phrase matches near-randomly there"
hub.litigation.s3.question,hub-sample,litigation,As read,3,explorer,suggestion,Who has sued a federal agency for its records since January 2025?,"hub, resting state (typed into the box)",,"explorer mode — the topic in the reader’s own words; litigation starts 2025-01-20, and its keyword index runs over docket-entry descriptions — a multi-word subject phrase matches near-randomly there"
hub.frus.title.search,hub-title,frus,The record,,search,suggestion,Search the cables for a place or a name.,"hub, resting state (the h1)",,measured to wrap at 1100/390 — a longer sentence changes the page; FRUS volumes end with the Cold War — every question here is a historical one
hub.frus.title.explorer,hub-title,frus,The record,,explorer,suggestion,Ask the diplomatic record what the cables said.,"hub, resting state (the h1)",,measured to wrap at 1100/390 — a longer sentence changes the page; FRUS volumes end with the Cold War — every question here is a historical one
hub.frus.s1.query,hub-sample,frus,The record,1,search,suggestion,Berlin,"hub, resting state (typed into the box)",checked 2026-09-18 via /corpus/hub/keyword scoped to this corpus (hits not recorded),"keyword mode — a phrase, a name or a citation, never a question; FRUS volumes end with the Cold War — every question here is a historical one"
hub.frus.s1.question,hub-sample,frus,The record,1,explorer,suggestion,What does the diplomatic record show about the decisions behind the Berlin airlift?,"hub, resting state (typed into the box)",,explorer mode — the topic in the reader’s own words; FRUS volumes end with the Cold War — every question here is a historical one
hub.frus.s2.query,hub-sample,frus,The record,2,search,suggestion,Marshall Plan,"hub, resting state (typed into the box)",checked 2026-09-18 via /corpus/hub/keyword scoped to this corpus (hits not recorded),"keyword mode — a phrase, a name or a citation, never a question; FRUS volumes end with the Cold War — every question here is a historical one"
hub.frus.s2.question,hub-sample,frus,The record,2,explorer,suggestion,How did the State Department record the making of the Marshall Plan?,"hub, resting state (typed into the box)",,explorer mode — the topic in the reader’s own words; FRUS volumes end with the Cold War — every question here is a historical one
hub.frus.s3.query,hub-sample,frus,The record,3,search,suggestion,Mossadegh,"hub, resting state (typed into the box)",checked 2026-09-18 via /corpus/hub/keyword scoped to this corpus (hits not recorded),"keyword mode — a phrase, a name or a citation, never a question; FRUS volumes end with the Cold War — every question here is a historical one"
hub.frus.s3.question,hub-sample,frus,The record,3,explorer,suggestion,What do the declassified cables say about the 1953 coup in Iran?,"hub, resting state (typed into the box)",,explorer mode — the topic in the reader’s own words; FRUS volumes end with the Cold War — every question here is a historical one
hub.fbi.title.search,hub-title,fbi,The record,,search,suggestion,Search the FBI’s Vault for a name or a file.,"hub, resting state (the h1)",,measured to wrap at 1100/390 — a longer sentence changes the page; the FBI Vault has no document dates — nothing may ask when
hub.fbi.title.explorer,hub-title,fbi,The record,,explorer,suggestion,Ask the FBI’s Vault what it released.,"hub, resting state (the h1)",,measured to wrap at 1100/390 — a longer sentence changes the page; the FBI Vault has no document dates — nothing may ask when
hub.fbi.s1.query,hub-sample,fbi,The record,1,search,suggestion,Capitol violence,"hub, resting state (typed into the box)",checked 2026-09-18 via /corpus/hub/keyword scoped to this corpus (hits not recorded),"keyword mode — a phrase, a name or a citation, never a question; the FBI Vault has no document dates — nothing may ask when"
hub.fbi.s1.question,hub-sample,fbi,The record,1,explorer,suggestion,What is in the Vault’s file on the January 6 Capitol violence?,"hub, resting state (typed into the box)",,explorer mode — the topic in the reader’s own words; the FBI Vault has no document dates — nothing may ask when
hub.fbi.s2.query,hub-sample,fbi,The record,2,search,suggestion,Mueller,"hub, resting state (typed into the box)",checked 2026-09-18 via /corpus/hub/keyword scoped to this corpus (hits not recorded),"keyword mode — a phrase, a name or a citation, never a question; the FBI Vault has no document dates — nothing may ask when"
hub.fbi.s2.question,hub-sample,fbi,The record,2,explorer,suggestion,What did the Bureau release from the Special Counsel Mueller investigation?,"hub, resting state (typed into the box)",,explorer mode — the topic in the reader’s own words; the FBI Vault has no document dates — nothing may ask when
hub.fbi.s3.query,hub-sample,fbi,The record,3,search,suggestion,D.B. Cooper,"hub, resting state (typed into the box)",checked 2026-09-18 via /corpus/hub/keyword scoped to this corpus (hits not recorded),"keyword mode — a phrase, a name or a citation, never a question; the FBI Vault has no document dates — nothing may ask when"
hub.fbi.s3.question,hub-sample,fbi,The record,3,explorer,suggestion,What does the Vault hold on the D.B. Cooper hijacking?,"hub, resting state (typed into the box)",,explorer mode — the topic in the reader’s own words; the FBI Vault has no document dates — nothing may ask when
hub.sanctions.title.search,hub-title,sanctions,The record,,search,suggestion,Search the sanctions lists for a name.,"hub, resting state (the h1)",,"measured to wrap at 1100/390 — a longer sentence changes the page; Sanctions has no designation dates — publish_date is a copy-freshness stamp for the list data, not a designation date"
hub.sanctions.title.explorer,hub-title,sanctions,The record,,explorer,suggestion,Ask the sanctions lists who is on them.,"hub, resting state (the h1)",,"measured to wrap at 1100/390 — a longer sentence changes the page; Sanctions has no designation dates — publish_date is a copy-freshness stamp for the list data, not a designation date"
hub.sanctions.s1.query,hub-sample,sanctions,The record,1,search,suggestion,Gazprom,"hub, resting state (typed into the box)",checked 2026-09-18 against the sanctions entity and guidance filters (hits not recorded),"keyword mode — a phrase, a name or a citation, never a question; Sanctions has no designation dates — publish_date is a copy-freshness stamp for the list data, not a designation date"
hub.sanctions.s1.question,hub-sample,sanctions,The record,1,explorer,suggestion,Which Gazprom companies are on the sanctions lists?,"hub, resting state (typed into the box)",,"explorer mode — the topic in the reader’s own words; Sanctions has no designation dates — publish_date is a copy-freshness stamp for the list data, not a designation date"
hub.sanctions.s2.query,hub-sample,sanctions,The record,2,search,suggestion,Islamic Revolutionary Guard Corps,"hub, resting state (typed into the box)",checked 2026-09-18 against the sanctions entity and guidance filters (hits not recorded),"keyword mode — a phrase, a name or a citation, never a question; Sanctions has no designation dates — publish_date is a copy-freshness stamp for the list data, not a designation date"
hub.sanctions.s2.question,hub-sample,sanctions,The record,2,explorer,suggestion,Who is listed in connection with the Islamic Revolutionary Guard Corps?,"hub, resting state (typed into the box)",,"explorer mode — the topic in the reader’s own words; Sanctions has no designation dates — publish_date is a copy-freshness stamp for the list data, not a designation date"
hub.sanctions.s3.query,hub-sample,sanctions,The record,3,search,suggestion,general license,"hub, resting state (typed into the box)",checked 2026-09-18 against the sanctions entity and guidance filters (hits not recorded),"keyword mode — a phrase, a name or a citation, never a question; Sanctions has no designation dates — publish_date is a copy-freshness stamp for the list data, not a designation date"
hub.sanctions.s3.question,hub-sample,sanctions,The record,3,explorer,suggestion,What does OFAC’s guidance say about general licenses?,"hub, resting state (typed into the box)",,"explorer mode — the topic in the reader’s own words; Sanctions has no designation dates — publish_date is a copy-freshness stamp for the list data, not a designation date"
hub.commentary.title.search,hub-title,commentary,Commentary,,search,suggestion,Search the commentary for a phrase or a name.,"hub, resting state (the h1)",,"measured to wrap at 1100/390 — a longer sentence changes the page; two publications only, Lawfare and Executive Functions — naming an author is a promise the federation may stop keeping"
hub.commentary.title.explorer,hub-title,commentary,Commentary,,explorer,suggestion,Ask the commentary what Lawfare made of it.,"hub, resting state (the h1)",,"measured to wrap at 1100/390 — a longer sentence changes the page; two publications only, Lawfare and Executive Functions — naming an author is a promise the federation may stop keeping"
hub.commentary.s1.query,hub-sample,commentary,Commentary,1,search,suggestion,Insurrection Act,"hub, resting state (typed into the box)",checked 2026-09-18 via /corpus/hub/keyword scoped to this corpus (hits not recorded),"keyword mode — a phrase, a name or a citation, never a question; two publications only, Lawfare and Executive Functions — naming an author is a promise the federation may stop keeping"
hub.commentary.s1.question,hub-sample,commentary,Commentary,1,explorer,suggestion,What has Lawfare published about the Insurrection Act?,"hub, resting state (typed into the box)",,"explorer mode — the topic in the reader’s own words; two publications only, Lawfare and Executive Functions — naming an author is a promise the federation may stop keeping"
hub.commentary.s2.query,hub-sample,commentary,Commentary,2,search,suggestion,Section 702,"hub, resting state (typed into the box)",checked 2026-09-18 via /corpus/hub/keyword scoped to this corpus (hits not recorded),"keyword mode — a phrase, a name or a citation, never a question; two publications only, Lawfare and Executive Functions — naming an author is a promise the federation may stop keeping"
hub.commentary.s2.question,hub-sample,commentary,Commentary,2,explorer,suggestion,What has been written about reauthorizing Section 702?,"hub, resting state (typed into the box)",,"explorer mode — the topic in the reader’s own words; two publications only, Lawfare and Executive Functions — naming an author is a promise the federation may stop keeping"
hub.commentary.s3.query,hub-sample,commentary,Commentary,3,search,suggestion,export controls,"hub, resting state (typed into the box)",checked 2026-09-18 via /corpus/hub/keyword scoped to this corpus (hits not recorded),"keyword mode — a phrase, a name or a citation, never a question; two publications only, Lawfare and Executive Functions — naming an author is a promise the federation may stop keeping"
hub.commentary.s3.question,hub-sample,commentary,Commentary,3,explorer,suggestion,What has been written about export controls and national security?,"hub, resting state (typed into the box)",,"explorer mode — the topic in the reader’s own words; two publications only, Lawfare and Executive Functions — naming an author is a promise the federation may stop keeping"
chip.congress.1,spoke-chip,congress,,1,,suggestion,Find every time Pam Bondi has been asked about the Epstein files,nowhere — declared but never read,,suggestionChips is declared by six spokes and read by nothing in app/src; polishing it changes no screen; Congress reaches 1789 only for public laws; hearings from 1933
chip.congress.2,spoke-chip,congress,,2,,suggestion,Trace the legislative history of FISA Section 702,nowhere — declared but never read,,suggestionChips is declared by six spokes and read by nothing in app/src; polishing it changes no screen; Congress reaches 1789 only for public laws; hearings from 1933
chip.congress.3,spoke-chip,congress,,3,,suggestion,What has Congress ever heard about the National Endowment for Democracy?,nowhere — declared but never read,,suggestionChips is declared by six spokes and read by nothing in app/src; polishing it changes no screen; Congress reaches 1789 only for public laws; hearings from 1933
chip.congress.4,spoke-chip,congress,,4,,suggestion,Which FISA-reform bills actually became law?,nowhere — declared but never read,,suggestionChips is declared by six spokes and read by nothing in app/src; polishing it changes no screen; Congress reaches 1789 only for public laws; hearings from 1933
chip.fbi.1,spoke-chip,fbi,,1,,suggestion,What do the FBI’s files show about the 9/11 investigation?,nowhere — declared but never read,,suggestionChips is declared by six spokes and read by nothing in app/src; polishing it changes no screen; the FBI Vault has no document dates — nothing may ask when
chip.fbi.2,spoke-chip,fbi,,2,,suggestion,"What was COINTELPRO, according to the Bureau’s own records?",nowhere — declared but never read,,suggestionChips is declared by six spokes and read by nothing in app/src; polishing it changes no screen; the FBI Vault has no document dates — nothing may ask when
chip.fbi.3,spoke-chip,fbi,,3,,suggestion,What’s in the FBI’s file on the Rosenberg case?,nowhere — declared but never read,,suggestionChips is declared by six spokes and read by nothing in app/src; polishing it changes no screen; the FBI Vault has no document dates — nothing may ask when
chip.fbi.4,spoke-chip,fbi,,4,,suggestion,How did the FBI investigate the anthrax letters (Amerithrax)?,nowhere — declared but never read,,suggestionChips is declared by six spokes and read by nothing in app/src; polishing it changes no screen; the FBI Vault has no document dates — nothing may ask when
chip.fr.1,spoke-chip,fr,,1,,suggestion,What Biden-era gun regulations were rescinded by the Trump administration?,nowhere — declared but never read,,suggestionChips is declared by six spokes and read by nothing in app/src; polishing it changes no screen; the Federal Register’s rules are complete from 1994; notices are still loading
chip.fr.2,spoke-chip,fr,,2,,suggestion,Show me all sanctions notices emanating from the Ukraine war.,nowhere — declared but never read,,suggestionChips is declared by six spokes and read by nothing in app/src; polishing it changes no screen; the Federal Register’s rules are complete from 1994; notices are still loading
chip.fr.3,spoke-chip,fr,,3,,suggestion,What is open for public comment at EPA right now?,nowhere — declared but never read,,suggestionChips is declared by six spokes and read by nothing in app/src; polishing it changes no screen; the Federal Register’s rules are complete from 1994; notices are still loading
chip.fr.4,spoke-chip,fr,,4,,suggestion,Which rules implement Executive Order 14024?,nowhere — declared but never read,,suggestionChips is declared by six spokes and read by nothing in app/src; polishing it changes no screen; the Federal Register’s rules are complete from 1994; notices are still loading
chip.litigation.1,spoke-chip,litigation,,1,,suggestion,What's the administration's win rate in immigration cases?,nowhere — declared but never read,,"suggestionChips is declared by six spokes and read by nothing in app/src; polishing it changes no screen; litigation starts 2025-01-20, and its keyword index runs over docket-entry descriptions — a multi-word subject phrase matches near-randomly there"
chip.litigation.2,spoke-chip,litigation,,2,,suggestion,Show me cases challenging the birthright-citizenship EO.,nowhere — declared but never read,,"suggestionChips is declared by six spokes and read by nothing in app/src; polishing it changes no screen; litigation starts 2025-01-20, and its keyword index runs over docket-entry descriptions — a multi-word subject phrase matches near-randomly there"
chip.litigation.3,spoke-chip,litigation,,3,,suggestion,Which judges have ruled against TRO motions most often?,nowhere — declared but never read,,"suggestionChips is declared by six spokes and read by nothing in app/src; polishing it changes no screen; litigation starts 2025-01-20, and its keyword index runs over docket-entry descriptions — a multi-word subject phrase matches near-randomly there"
chip.litigation.4,spoke-chip,litigation,,4,,suggestion,Pull all cases where the government has been sanctioned in 2025.,nowhere — declared but never read,,"suggestionChips is declared by six spokes and read by nothing in app/src; polishing it changes no screen; litigation starts 2025-01-20, and its keyword index runs over docket-entry descriptions — a multi-word subject phrase matches near-randomly there"
chip.litigation.5,spoke-chip,litigation,,5,,suggestion,Cases involving DOGE.,nowhere — declared but never read,,"suggestionChips is declared by six spokes and read by nothing in app/src; polishing it changes no screen; litigation starts 2025-01-20, and its keyword index runs over docket-entry descriptions — a multi-word subject phrase matches near-randomly there"
chip.presidential.1,spoke-chip,presidential,,1,,suggestion,"Which executive order forbids assassination, and how does it define the term?",nowhere — declared but never read,,"suggestionChips is declared by six spokes and read by nothing in app/src; polishing it changes no screen; this keyword index matches loosely — check a query by reading the order titles it returns, never by its count"
chip.presidential.2,spoke-chip,presidential,,2,,suggestion,How many of Biden’s executive orders did Trump revoke?,nowhere — declared but never read,,"suggestionChips is declared by six spokes and read by nothing in app/src; polishing it changes no screen; this keyword index matches loosely — check a query by reading the order titles it returns, never by its count"
chip.presidential.3,spoke-chip,presidential,,3,,suggestion,Is EO 12333 still in effect?,nowhere — declared but never read,,"suggestionChips is declared by six spokes and read by nothing in app/src; polishing it changes no screen; this keyword index matches loosely — check a query by reading the order titles it returns, never by its count"
chip.presidential.4,spoke-chip,presidential,,4,,suggestion,Trace presidential action on classified information.,nowhere — declared but never read,,"suggestionChips is declared by six spokes and read by nothing in app/src; polishing it changes no screen; this keyword index matches loosely — check a query by reading the order titles it returns, never by its count"
chip.sanctions.1,spoke-chip,sanctions,,1,,suggestion,Is the Wagner Group sanctioned — and under which programs and executive orders?,nowhere — declared but never read,,"suggestionChips is declared by six spokes and read by nothing in app/src; polishing it changes no screen; Sanctions has no designation dates — publish_date is a copy-freshness stamp for the list data, not a designation date"
chip.sanctions.2,spoke-chip,sanctions,,2,,suggestion,What does OFAC’s 50 percent rule mean for companies owned by sanctioned people?,nowhere — declared but never read,,"suggestionChips is declared by six spokes and read by nothing in app/src; polishing it changes no screen; Sanctions has no designation dates — publish_date is a copy-freshness stamp for the list data, not a designation date"
chip.sanctions.3,spoke-chip,sanctions,,3,,suggestion,"How many entities are sanctioned under EO 14024, the Russia authority?",nowhere — declared but never read,,"suggestionChips is declared by six spokes and read by nothing in app/src; polishing it changes no screen; Sanctions has no designation dates — publish_date is a copy-freshness stamp for the list data, not a designation date"
chip.sanctions.4,spoke-chip,sanctions,,4,,suggestion,How does a group get designated a Foreign Terrorist Organization?,nowhere — declared but never read,,"suggestionChips is declared by six spokes and read by nothing in app/src; polishing it changes no screen; Sanctions has no designation dates — publish_date is a copy-freshness stamp for the list data, not a designation date"
docs-demo.about-cfr.1,docs-demo,cfr,,1,,suggestion,"""HIPAA Privacy Rule requirements""",docs overlay,,markdown inside a template literal — the importer rewrites only this paragraph and re-wraps it to the column width the file already uses; the CFR is current state only — nothing may ask how a rule changed
docs-demo.about-cfr.2,docs-demo,cfr,,2,,suggestion,pull 8 CFR § 208.30,docs overlay,,markdown inside a template literal — the importer rewrites only this paragraph and re-wraps it to the column width the file already uses; the CFR is current state only — nothing may ask how a rule changed
docs-demo.about-cfr.3,docs-demo,cfr,,3,,suggestion,filter Title 40 (EPA) by part.,docs overlay,,markdown inside a template literal — the importer rewrites only this paragraph and re-wraps it to the column width the file already uses; the CFR is current state only — nothing may ask how a rule changed
docs-demo.about-clemency.1,docs-demo,presidential,,1,,suggestion,"filter to topic ""January 6""",docs overlay,,"markdown inside a template literal — the importer rewrites only this paragraph and re-wraps it to the column width the file already uses; this keyword index matches loosely — check a query by reading the order titles it returns, never by its count"
docs-demo.about-clemency.2,docs-demo,presidential,,2,,suggestion,commutations by president,docs overlay,,"markdown inside a template literal — the importer rewrites only this paragraph and re-wraps it to the column width the file already uses; this keyword index matches loosely — check a query by reading the order titles it returns, never by its count"
docs-demo.about-clemency.3,docs-demo,presidential,,3,,suggestion,pardons where the recipient later reoffended,docs overlay,,"markdown inside a template literal — the importer rewrites only this paragraph and re-wraps it to the column width the file already uses; this keyword index matches loosely — check a query by reading the order titles it returns, never by its count"
docs-demo.about-clemency.4,docs-demo,presidential,,4,,suggestion,"search an offense like ""tax"" or ""campaign finance.""",docs overlay,,"markdown inside a template literal — the importer rewrites only this paragraph and re-wraps it to the column width the file already uses; this keyword index matches loosely — check a query by reading the order titles it returns, never by its count"
docs-demo.about-commentary.1,docs-demo,commentary,,1,,suggestion,"""What has been argued about the major questions doctrine?""",docs overlay,,"markdown inside a template literal — the importer rewrites only this paragraph and re-wraps it to the column width the file already uses; two publications only, Lawfare and Executive Functions — naming an author is a promise the federation may stop keeping"
docs-demo.about-commentary.2,docs-demo,commentary,,2,,suggestion,filter by publication or author to read one venue or contributor,docs overlay,,"markdown inside a template literal — the importer rewrites only this paragraph and re-wraps it to the column width the file already uses; two publications only, Lawfare and Executive Functions — naming an author is a promise the federation may stop keeping"
docs-demo.about-commentary.3,docs-demo,commentary,,3,,suggestion,summarize a specific piece.,docs overlay,,"markdown inside a template literal — the importer rewrites only this paragraph and re-wraps it to the column width the file already uses; two publications only, Lawfare and Executive Functions — naming an author is a promise the federation may stop keeping"
docs-demo.about-congress.1,docs-demo,congress,,1,,suggestion,"""Find every time Pam Bondi has been asked about the Epstein files""",docs overlay,,markdown inside a template literal — the importer rewrites only this paragraph and re-wraps it to the column width the file already uses; Congress reaches 1789 only for public laws; hearings from 1933
docs-demo.about-congress.2,docs-demo,congress,,2,,suggestion,"""Trace the legislative history of FISA Section 702""",docs overlay,,markdown inside a template literal — the importer rewrites only this paragraph and re-wraps it to the column width the file already uses; Congress reaches 1789 only for public laws; hearings from 1933
docs-demo.about-congress.3,docs-demo,congress,,3,,suggestion,"""Which FISA-reform bills actually became law?""",docs overlay,,markdown inside a template literal — the importer rewrites only this paragraph and re-wraps it to the column width the file already uses; Congress reaches 1789 only for public laws; hearings from 1933
docs-demo.about-congress.4,docs-demo,congress,,4,,suggestion,"""What has Congress ever heard about the National Endowment for Democracy?""",docs overlay,,markdown inside a template literal — the importer rewrites only this paragraph and re-wraps it to the column width the file already uses; Congress reaches 1789 only for public laws; hearings from 1933
docs-demo.about-fbi.1,docs-demo,fbi,,1,,suggestion,"""What do the FBI's files show about the 9/11 investigation?""",docs overlay,,markdown inside a template literal — the importer rewrites only this paragraph and re-wraps it to the column width the file already uses; the FBI Vault has no document dates — nothing may ask when
docs-demo.about-fbi.2,docs-demo,fbi,,2,,suggestion,"""What was COINTELPRO, according to the Bureau's own records?""",docs overlay,,markdown inside a template literal — the importer rewrites only this paragraph and re-wraps it to the column width the file already uses; the FBI Vault has no document dates — nothing may ask when
docs-demo.about-fbi.3,docs-demo,fbi,,3,,suggestion,"""What's in the FBI's file on the Rosenberg case?""",docs overlay,,markdown inside a template literal — the importer rewrites only this paragraph and re-wraps it to the column width the file already uses; the FBI Vault has no document dates — nothing may ask when
docs-demo.about-fbi.4,docs-demo,fbi,,4,,suggestion,"""How did the FBI investigate the anthrax letters (Amerithrax)?""",docs overlay,,markdown inside a template literal — the importer rewrites only this paragraph and re-wraps it to the column width the file already uses; the FBI Vault has no document dates — nothing may ask when
docs-demo.about-fr.1,docs-demo,fr,,1,,suggestion,"""What Biden-era gun regulations were rescinded by the Trump administration?""",docs overlay,,markdown inside a template literal — the importer rewrites only this paragraph and re-wraps it to the column width the file already uses; the Federal Register’s rules are complete from 1994; notices are still loading
docs-demo.about-fr.2,docs-demo,fr,,2,,suggestion,"""Show me all sanctions notices emanating from the Ukraine war""",docs overlay,,markdown inside a template literal — the importer rewrites only this paragraph and re-wraps it to the column width the file already uses; the Federal Register’s rules are complete from 1994; notices are still loading
docs-demo.about-fr.3,docs-demo,fr,,3,,suggestion,"""What is open for public comment at EPA right now?""",docs overlay,,markdown inside a template literal — the importer rewrites only this paragraph and re-wraps it to the column width the file already uses; the Federal Register’s rules are complete from 1994; notices are still loading
docs-demo.about-fr.4,docs-demo,fr,,4,,suggestion,"""Which rules implement Executive Order 14024?""",docs overlay,,markdown inside a template literal — the importer rewrites only this paragraph and re-wraps it to the column width the file already uses; the Federal Register’s rules are complete from 1994; notices are still loading
docs-demo.about-frus.1,docs-demo,frus,,1,,suggestion,"""U.S. policy toward the Cuban Missile Crisis""",docs overlay,,markdown inside a template literal — the importer rewrites only this paragraph and re-wraps it to the column width the file already uses; FRUS volumes end with the Cold War — every question here is a historical one
docs-demo.about-frus.2,docs-demo,frus,,2,,suggestion,"""U.S. annexation of Hawaii""",docs overlay,,markdown inside a template literal — the importer rewrites only this paragraph and re-wraps it to the column width the file already uses; FRUS volumes end with the Cold War — every question here is a historical one
docs-demo.about-frus.3,docs-demo,frus,,3,,suggestion,summarize a specific cable.,docs overlay,,markdown inside a template literal — the importer rewrites only this paragraph and re-wraps it to the column width the file already uses; FRUS volumes end with the Cold War — every question here is a historical one
docs-demo.about-lawfare.1,docs-demo,lawfare,,1,,suggestion,"""What has Lawfare argued about the major questions doctrine?""","nowhere — the Lawfare spoke is retired into Commentary and is not registered, so this surface never mounts",,markdown inside a template literal — the importer rewrites only this paragraph and re-wraps it to the column width the file already uses; the standalone Lawfare spoke is retired into Commentary
docs-demo.about-lawfare.2,docs-demo,lawfare,,2,,suggestion,filter by author to read one contributor's body of work,"nowhere — the Lawfare spoke is retired into Commentary and is not registered, so this surface never mounts",,markdown inside a template literal — the importer rewrites only this paragraph and re-wraps it to the column width the file already uses; the standalone Lawfare spoke is retired into Commentary
docs-demo.about-lawfare.3,docs-demo,lawfare,,3,,suggestion,summarize a specific piece.,"nowhere — the Lawfare spoke is retired into Commentary and is not registered, so this surface never mounts",,markdown inside a template literal — the importer rewrites only this paragraph and re-wraps it to the column width the file already uses; the standalone Lawfare spoke is retired into Commentary
docs-demo.about-litigation.1,docs-demo,litigation,,1,,suggestion,"Filter to a court and a date range, then open and read the docket of a specific case.",docs overlay,,"markdown inside a template literal — the importer rewrites only this paragraph and re-wraps it to the column width the file already uses; this file marks the block **Demo queries to try:** and uses a bullet list, not the usual paragraph; litigation starts 2025-01-20, and its keyword index runs over docket-entry descriptions — a multi-word subject phrase matches near-randomly there"
docs-demo.about-litigation.2,docs-demo,litigation,,2,,suggestion,"Full-text search ""preliminary injunction"" or ""temporary restraining order"" across all district courts.",docs overlay,,"markdown inside a template literal — the importer rewrites only this paragraph and re-wraps it to the column width the file already uses; this file marks the block **Demo queries to try:** and uses a bullet list, not the usual paragraph; litigation starts 2025-01-20, and its keyword index runs over docket-entry descriptions — a multi-word subject phrase matches near-randomly there"
docs-demo.about-litigation.3,docs-demo,litigation,,3,,suggestion,"Narrow to a field, then use Analyze to characterize patterns across the set.",docs overlay,,"markdown inside a template literal — the importer rewrites only this paragraph and re-wraps it to the column width the file already uses; this file marks the block **Demo queries to try:** and uses a bullet list, not the usual paragraph; litigation starts 2025-01-20, and its keyword index runs over docket-entry descriptions — a multi-word subject phrase matches near-randomly there"
docs-demo.about-olc.1,docs-demo,olc,,1,,suggestion,"""OLC on the President's removal power""",docs overlay,,markdown inside a template literal — the importer rewrites only this paragraph and re-wraps it to the column width the file already uses
docs-demo.about-olc.2,docs-demo,olc,,2,,suggestion,filter by date range to see a decade's released opinions,docs overlay,,markdown inside a template literal — the importer rewrites only this paragraph and re-wraps it to the column width the file already uses
docs-demo.about-olc.3,docs-demo,olc,,3,,suggestion,summarize a specific opinion.,docs overlay,,markdown inside a template literal — the importer rewrites only this paragraph and re-wraps it to the column width the file already uses
docs-demo.about-presidential.1,docs-demo,presidential,,1,,suggestion,"""Is EO 12333 still in effect?""",docs overlay,,"markdown inside a template literal — the importer rewrites only this paragraph and re-wraps it to the column width the file already uses; this keyword index matches loosely — check a query by reading the order titles it returns, never by its count"
docs-demo.about-presidential.2,docs-demo,presidential,,2,,suggestion,"""How many of Biden's executive orders did Trump revoke?""",docs overlay,,"markdown inside a template literal — the importer rewrites only this paragraph and re-wraps it to the column width the file already uses; this keyword index matches loosely — check a query by reading the order titles it returns, never by its count"
docs-demo.about-presidential.3,docs-demo,presidential,,3,,suggestion,filter to one president's memoranda,docs overlay,,"markdown inside a template literal — the importer rewrites only this paragraph and re-wraps it to the column width the file already uses; this keyword index matches loosely — check a query by reading the order titles it returns, never by its count"
docs-demo.about-presidential.4,docs-demo,presidential,,4,,suggestion,trace presidential action on classified information.,docs overlay,,"markdown inside a template literal — the importer rewrites only this paragraph and re-wraps it to the column width the file already uses; this keyword index matches loosely — check a query by reading the order titles it returns, never by its count"
docs-demo.about-sanctions.1,docs-demo,sanctions,,1,,suggestion,"""Is the Wagner Group sanctioned — and under which programs and executive orders?""",docs overlay,,"markdown inside a template literal — the importer rewrites only this paragraph and re-wraps it to the column width the file already uses; Sanctions has no designation dates — publish_date is a copy-freshness stamp for the list data, not a designation date"
docs-demo.about-sanctions.2,docs-demo,sanctions,,2,,suggestion,"""What does OFAC's 50 percent rule mean for companies owned by sanctioned people?""",docs overlay,,"markdown inside a template literal — the importer rewrites only this paragraph and re-wraps it to the column width the file already uses; Sanctions has no designation dates — publish_date is a copy-freshness stamp for the list data, not a designation date"
docs-demo.about-sanctions.3,docs-demo,sanctions,,3,,suggestion,"""How many entities are sanctioned under EO 14024, the Russia authority?""",docs overlay,,"markdown inside a template literal — the importer rewrites only this paragraph and re-wraps it to the column width the file already uses; Sanctions has no designation dates — publish_date is a copy-freshness stamp for the list data, not a designation date"
docs-demo.about-sanctions.4,docs-demo,sanctions,,4,,suggestion,"""How does a group get designated a Foreign Terrorist Organization?""",docs overlay,,"markdown inside a template literal — the importer rewrites only this paragraph and re-wraps it to the column width the file already uses; Sanctions has no designation dates — publish_date is a copy-freshness stamp for the list data, not a designation date"
docs-demo.about-usc.1,docs-demo,usc,,1,,suggestion,"""What authority governs expedited removal?""",docs overlay,,markdown inside a template literal — the importer rewrites only this paragraph and re-wraps it to the column width the file already uses
docs-demo.about-usc.2,docs-demo,usc,,2,,suggestion,"""I plan to use an AR-15 to rob a bank — what statutes, criminal or civil, might complicate my plans?""",docs overlay,,markdown inside a template literal — the importer rewrites only this paragraph and re-wraps it to the column width the file already uses
docs-demo.about-usc.3,docs-demo,usc,,3,,suggestion,jump to a known citation like 8 U.S.C. § 1225,docs overlay,,markdown inside a template literal — the importer rewrites only this paragraph and re-wraps it to the column width the file already uses
docs-demo.about-usc.4,docs-demo,usc,,4,,suggestion,filter Title 18 by chapter.,docs overlay,,markdown inside a template literal — the importer rewrites only this paragraph and re-wraps it to the column width the file already uses
docs-good-question.commentary-narrative-synthesis.1,docs-good-question,commentary,,1,,suggestion,"""What has been written about [Section 702 / the major questions doctrine / presidential immunity]?""",docs overlay,,"markdown inside a template literal — the importer rewrites only this paragraph and re-wraps it to the column width the file already uses; two publications only, Lawfare and Executive Functions — naming an author is a promise the federation may stop keeping"
docs-good-question.commentary-narrative-synthesis.2,docs-good-question,commentary,,2,,suggestion,"""How have commentators argued about [a specific case or controversy]?""",docs overlay,,"markdown inside a template literal — the importer rewrites only this paragraph and re-wraps it to the column width the file already uses; two publications only, Lawfare and Executive Functions — naming an author is a promise the federation may stop keeping"
docs-good-question.commentary-narrative-synthesis.3,docs-good-question,commentary,,3,,suggestion,"""What has [author] argued about [topic]?"" — the same author often writes in both publications, and the synthesis covers both.",docs overlay,,"markdown inside a template literal — the importer rewrites only this paragraph and re-wraps it to the column width the file already uses; two publications only, Lawfare and Executive Functions — naming an author is a promise the federation may stop keeping"
docs-good-question.commentary-narrative-synthesis.4,docs-good-question,commentary,,4,,suggestion,"""What's the range of views on [X]?""",docs overlay,,"markdown inside a template literal — the importer rewrites only this paragraph and re-wraps it to the column width the file already uses; two publications only, Lawfare and Executive Functions — naming an author is a promise the federation may stop keeping"
docs-good-question.fbi-narrative-synthesis.1,docs-good-question,fbi,,1,,suggestion,"""What's in the [COINTELPRO / Rosenberg / Amerithrax] file?"" — collection questions are the corpus's natural shape.",docs overlay,,markdown inside a template literal — the importer rewrites only this paragraph and re-wraps it to the column width the file already uses; the FBI Vault has no document dates — nothing may ask when
docs-good-question.fbi-narrative-synthesis.2,docs-good-question,fbi,,2,,suggestion,"""What was removed from the Vault about [subject]?"" — the recovered documents are filterable, and answers cite each one's Wayback capture date.",docs overlay,,markdown inside a template literal — the importer rewrites only this paragraph and re-wraps it to the column width the file already uses; the FBI Vault has no document dates — nothing may ask when
docs-good-question.fbi-narrative-synthesis.3,docs-good-question,fbi,,3,,suggestion,"""What do the files say about [person / event / program]?"" — topical search across 10,700+ OCR'd documents.",docs overlay,,markdown inside a template literal — the importer rewrites only this paragraph and re-wraps it to the column width the file already uses; the FBI Vault has no document dates — nothing may ask when
docs-good-question.lawfare-narrative-synthesis.1,docs-good-question,lawfare,,1,,suggestion,"""What has Lawfare written about [Section 702 / the major questions doctrine / birthright citizenship]?""","nowhere — the Lawfare spoke is retired into Commentary and is not registered, so this surface never mounts",,markdown inside a template literal — the importer rewrites only this paragraph and re-wraps it to the column width the file already uses; the standalone Lawfare spoke is retired into Commentary
docs-good-question.lawfare-narrative-synthesis.2,docs-good-question,lawfare,,2,,suggestion,"""How have Lawfare authors argued about [a specific case or controversy]?""","nowhere — the Lawfare spoke is retired into Commentary and is not registered, so this surface never mounts",,markdown inside a template literal — the importer rewrites only this paragraph and re-wraps it to the column width the file already uses; the standalone Lawfare spoke is retired into Commentary
docs-good-question.lawfare-narrative-synthesis.3,docs-good-question,lawfare,,3,,suggestion,"""What's the range of views on [X] across Lawfare's coverage?""","nowhere — the Lawfare spoke is retired into Commentary and is not registered, so this surface never mounts",,markdown inside a template literal — the importer rewrites only this paragraph and re-wraps it to the column width the file already uses; the standalone Lawfare spoke is retired into Commentary
docs-good-question.lawfare-narrative-synthesis.4,docs-good-question,lawfare,,4,,suggestion,"""What has [author] argued about [topic]?"" — author is a first-class facet.","nowhere — the Lawfare spoke is retired into Commentary and is not registered, so this surface never mounts",,markdown inside a template literal — the importer rewrites only this paragraph and re-wraps it to the column width the file already uses; the standalone Lawfare spoke is retired into Commentary
docs-good-question.olc-narrative-synthesis.1,docs-good-question,olc,,1,,suggestion,"""How has OLC's view of [executive privilege / the Appointments Clause / the recess-appointment power] evolved?""",docs overlay,,markdown inside a template literal — the importer rewrites only this paragraph and re-wraps it to the column width the file already uses
docs-good-question.olc-narrative-synthesis.2,docs-good-question,olc,,2,,suggestion,"""Can the Department of [X] do [Y]?"" — the most authentic OLC framing; this is literally how agencies submit questions to OLC.",docs overlay,,markdown inside a template literal — the importer rewrites only this paragraph and re-wraps it to the column width the file already uses
docs-good-question.olc-narrative-synthesis.3,docs-good-question,olc,,3,,suggestion,"""When has OLC told the executive branch it could *not* do something?""",docs overlay,,markdown inside a template literal — the importer rewrites only this paragraph and re-wraps it to the column width the file already uses
docs-good-question.olc-narrative-synthesis.4,docs-good-question,olc,,4,,suggestion,"""Is [X] constitutional, according to OLC?""",docs overlay,,markdown inside a template literal — the importer rewrites only this paragraph and re-wraps it to the column width the file already uses
placeholder.spokes/cfr/CfrFilterForm.tsx:72,placeholder,cfr,,1,,format-hint,e.g. 45 CFR 164.502,spoke filter form,,"format-hint: this teaches the field’s syntax, not a subject — prose here breaks the lesson (a CFR citation); the CFR is current state only — nothing may ask how a rule changed"
placeholder.spokes/cfr/CfrFilterForm.tsx:83,placeholder,cfr,,2,,suggestion,"e.g. privacy, NEPA, mortgage disclosure",spoke filter form,,the CFR is current state only — nothing may ask how a rule changed
placeholder.spokes/cfr/CfrFilterForm.tsx:92,placeholder,cfr,,3,,format-hint,e.g. Definitions,spoke filter form,,"format-hint: this teaches the field’s syntax, not a subject — prose here breaks the lesson (a section heading, matched as stored); the CFR is current state only — nothing may ask how a rule changed"
placeholder.spokes/cfr/CfrFilterForm.tsx:124,placeholder,cfr,,4,,format-hint,e.g. 164,spoke filter form,,"format-hint: this teaches the field’s syntax, not a subject — prose here breaks the lesson (a CFR part number); the CFR is current state only — nothing may ask how a rule changed"
placeholder.spokes/commentary/CommentaryFilterForm.tsx:127,placeholder,commentary,,1,,suggestion,"e.g. Section 702, emergency powers, executive privilege",spoke filter form,,"two publications only, Lawfare and Executive Functions — naming an author is a promise the federation may stop keeping"
placeholder.spokes/components/ClaudeAmaForm.tsx:95,placeholder,,,1,,suggestion,e.g. Are drug prosecutions up or down since the start of the year? Or: show me cases where states are suing the federal government over federalism. Or: how badly is ICE doing in immigration litigation?,"every spoke, Ask panel",,
placeholder.spokes/components/ClaudeAnalysisForm.tsx:84,placeholder,,,1,,suggestion,e.g. group cases by procedural posture; or: identify common factual patterns across these cases; or: rank by the procedural stage reached and label each,"every spoke, Analyze panel",,
placeholder.spokes/components/ClaudeReadForm.tsx:92,placeholder,,,1,,suggestion,e.g. cases where the court ordered the government to take or refrain from a specific action; or: cases where there's a sealed filing in the last 30 days,"every spoke, Read panel",,
placeholder.spokes/components/ClaudeSqlForm.tsx:68,placeholder,,,1,,suggestion,e.g. cases where the court ordered the government to take or refrain from a specific action; or: APA challenges with TROs granted in 2025,"every spoke, SQL panel",,
placeholder.spokes/components/FilterForm.tsx:152,placeholder,,,1,,suggestion,"e.g. preliminary injunction, TRO…","every spoke, filter form",,
placeholder.spokes/components/FilterForm.tsx:161,placeholder,,,2,,suggestion,"e.g. ACLU, Trump, EPA…","every spoke, filter form",,
placeholder.spokes/components/FilterForm.tsx:338,placeholder,,,3,,suggestion,"e.g. APA, 551, 1983…","every spoke, filter form",,
placeholder.spokes/congress/CongressFilterForm.tsx:99,placeholder,congress,,1,,suggestion,"e.g. foreign intelligence surveillance, Section 702",spoke filter form,,Congress reaches 1789 only for public laws; hearings from 1933
placeholder.spokes/congress/CongressFilterForm.tsx:111,placeholder,congress,,2,,format-hint,e.g. 118,spoke filter form,,"format-hint: this teaches the field’s syntax, not a subject — prose here breaks the lesson (a Congress number); Congress reaches 1789 only for public laws; hearings from 1933"
placeholder.spokes/congress/CongressFilterForm.tsx:189,placeholder,congress,,3,,suggestion,e.g. Goitein,spoke filter form,,Congress reaches 1789 only for public laws; hearings from 1933
placeholder.spokes/congress/CongressFilterForm.tsx:223,placeholder,congress,,4,,suggestion,e.g. Armed Forces and National Security,spoke filter form,,Congress reaches 1789 only for public laws; hearings from 1933
placeholder.spokes/congress/CongressFilterForm.tsx:232,placeholder,congress,,5,,format-hint,e.g. P000605,spoke filter form,,"format-hint: this teaches the field’s syntax, not a subject — prose here breaks the lesson (a Bioguide id); Congress reaches 1789 only for public laws; hearings from 1933"
placeholder.spokes/congress/CongressFilterForm.tsx:253,placeholder,congress,,6,,format-hint,e.g. R000584,spoke filter form,,"format-hint: this teaches the field’s syntax, not a subject — prose here breaks the lesson (a Bioguide id); Congress reaches 1789 only for public laws; hearings from 1933"
placeholder.spokes/congress/TurnsSurface.tsx:168,placeholder,congress,,1,,format-hint,e.g. Comey — or R000584,"congress, hearing-turns surface",,"format-hint: this teaches the field’s syntax, not a subject — prose here breaks the lesson (a name, or a Bioguide id); Congress reaches 1789 only for public laws; hearings from 1933"
placeholder.spokes/congress/TurnsSurface.tsx:177,placeholder,congress,,2,,suggestion,e.g. surveillance,"congress, hearing-turns surface",,Congress reaches 1789 only for public laws; hearings from 1933
placeholder.spokes/fbi/FbiFilterForm.tsx:73,placeholder,fbi,,1,,suggestion,"e.g. anthrax, counterintelligence program, Julius Rosenberg",spoke filter form,,the FBI Vault has no document dates — nothing may ask when
placeholder.spokes/fbi/FbiFilterForm.tsx:248,placeholder,fbi,,2,,suggestion,"e.g. Rosenberg, Cointel Pro, D B Cooper",spoke filter form,,"TYPEAHEAD, NOT PROSE: this is the FBI collection field, so every example must be a spelling that actually matches a stored collection. The worker matches the typed string as a case-insensitive substring of the stored value, or of that value with hyphens and underscores turned into spaces. The stored values here are ""cointel-pro"" and ""D-B-Cooper "" (with a trailing space), so ""COINTELPRO"" and ""D.B. Cooper"" match NOTHING — write them the way the box itself displays them, ""Cointel Pro"" and ""D B Cooper"". Verified against the live worker 2026-09-18; the FBI Vault has no document dates — nothing may ask when"
placeholder.spokes/fr/FrFilterForm.tsx:92,placeholder,fr,,1,,suggestion,"e.g. sanctions, greenhouse gas, asylum eligibility",spoke filter form,,the Federal Register’s rules are complete from 1994; notices are still loading
placeholder.spokes/fr/FrFilterForm.tsx:133,placeholder,fr,,2,,format-hint,e.g. 2060-AV09,spoke filter form,,"format-hint: this teaches the field’s syntax, not a subject — prose here breaks the lesson (a Regulation Identifier Number (RIN)); the Federal Register’s rules are complete from 1994; notices are still loading"
placeholder.spokes/fr/FrFilterForm.tsx:181,placeholder,fr,,3,,format-hint,e.g. 31,spoke filter form,,"format-hint: this teaches the field’s syntax, not a subject — prose here breaks the lesson (a Federal Register CFR title number); the Federal Register’s rules are complete from 1994; notices are still loading"
placeholder.spokes/fr/FrFilterForm.tsx:191,placeholder,fr,,4,,format-hint,e.g. 594,spoke filter form,,"format-hint: this teaches the field’s syntax, not a subject — prose here breaks the lesson (a Federal Register CFR part number); the Federal Register’s rules are complete from 1994; notices are still loading"
placeholder.spokes/frus/FrusFilterForm.tsx:85,placeholder,frus,,1,,suggestion,"e.g. Memorandum, Telegram, NSC Meeting",spoke filter form,,FRUS volumes end with the Cold War — every question here is a historical one
placeholder.spokes/frus/FrusFilterForm.tsx:96,placeholder,frus,,2,,suggestion,"e.g. Cuban missile, Khrushchev, Suez",spoke filter form,,FRUS volumes end with the Cold War — every question here is a historical one
placeholder.spokes/frus/FrusFilterForm.tsx:105,placeholder,frus,,3,,suggestion,"e.g. Havana, Moscow, Saigon",spoke filter form,,FRUS volumes end with the Cold War — every question here is a historical one
placeholder.spokes/frus/FrusFilterForm.tsx:139,placeholder,frus,,4,,format-hint,e.g. frus1969-76v01,spoke filter form,,"format-hint: this teaches the field’s syntax, not a subject — prose here breaks the lesson (a FRUS volume id); FRUS volumes end with the Cold War — every question here is a historical one"
placeholder.spokes/lawfare/LawfareFilterForm.tsx:103,placeholder,lawfare,,1,,suggestion,"e.g. Section 702, emergency powers, AI liability","nowhere — the Lawfare spoke is retired into Commentary and is not registered, so this surface never mounts",,the standalone Lawfare spoke is retired into Commentary
placeholder.spokes/more-like-this/MoreLikeThisPrompt.tsx:141,placeholder,,,1,,suggestion,e.g. opinions reaching the opposite conclusion on the same question,"every spoke, more-like-this prompt",,
placeholder.spokes/olc/OlcFilterForm.tsx:82,placeholder,olc,,1,,suggestion,"e.g. Authority, Constitutionality, Application of",spoke filter form,,
placeholder.spokes/olc/OlcFilterForm.tsx:93,placeholder,olc,,2,,suggestion,"e.g. executive privilege, habeas corpus",spoke filter form,,
placeholder.spokes/olc/OlcFilterForm.tsx:102,placeholder,olc,,3,,suggestion,"e.g. Olson, Rehnquist",spoke filter form,,
placeholder.spokes/presidential/ClemencyFilterForm.tsx:73,placeholder,presidential,,1,,suggestion,"e.g. drug, fraud, a recipient's name",spoke filter form,,"this keyword index matches loosely — check a query by reading the order titles it returns, never by its count"
placeholder.spokes/presidential/ClemencyFilterForm.tsx:107,placeholder,presidential,,2,,format-hint,"e.g. S.D.N.Y., D.C.",spoke filter form,,"format-hint: this teaches the field’s syntax, not a subject — prose here breaks the lesson (a district-court code); this keyword index matches loosely — check a query by reading the order titles it returns, never by its count"
placeholder.spokes/presidential/PresidentialFilterForm.tsx:91,placeholder,presidential,,1,,suggestion,"e.g. national emergency, suspension of entry, classified information",spoke filter form,,"this keyword index matches loosely — check a query by reading the order titles it returns, never by its count"
placeholder.spokes/presidential/PresidentialFilterForm.tsx:136,placeholder,presidential,,2,,format-hint,e.g. 14239,spoke filter form,,"format-hint: this teaches the field’s syntax, not a subject — prose here breaks the lesson (an executive order number); this keyword index matches loosely — check a query by reading the order titles it returns, never by its count"
placeholder.spokes/presidential/PresidentialFilterForm.tsx:148,placeholder,presidential,,3,,suggestion,e.g. United States Intelligence Activities,spoke filter form,,"this keyword index matches loosely — check a query by reading the order titles it returns, never by its count"
placeholder.spokes/presidential/PresidentialFilterForm.tsx:157,placeholder,presidential,,4,,suggestion,"e.g. Homeland Security, State",spoke filter form,,"this keyword index matches loosely — check a query by reading the order titles it returns, never by its count"
placeholder.spokes/sanctions/SanctionsEntityFilterForm.tsx:73,placeholder,sanctions,,1,,suggestion,"e.g. Wagner, Rosneft, Islamic Revolutionary Guard Corps",spoke filter form,,"Sanctions has no designation dates — publish_date is a copy-freshness stamp for the list data, not a designation date"
placeholder.spokes/sanctions/SanctionsFrFilterForm.tsx:69,placeholder,sanctions,,1,,suggestion,"e.g. designation, blocking property, foreign terrorist organization",spoke filter form,,"Sanctions has no designation dates — publish_date is a copy-freshness stamp for the list data, not a designation date"
placeholder.spokes/sanctions/SanctionsGuidanceFilterForm.tsx:71,placeholder,sanctions,,1,,suggestion,"e.g. 50 percent rule, general license, wind-down",spoke filter form,,"Sanctions has no designation dates — publish_date is a copy-freshness stamp for the list data, not a designation date"
placeholder.spokes/usc/UscFilterForm.tsx:76,placeholder,usc,,1,,format-hint,e.g. 8 U.S.C. § 1225,spoke filter form,,"format-hint: this teaches the field’s syntax, not a subject — prose here breaks the lesson (a U.S. Code citation)"
placeholder.spokes/usc/UscFilterForm.tsx:87,placeholder,usc,,2,,suggestion,"e.g. habeas corpus, asylum, antitrust",spoke filter form,,
placeholder.spokes/usc/UscFilterForm.tsx:96,placeholder,usc,,3,,format-hint,e.g. Inspection,spoke filter form,,"format-hint: this teaches the field’s syntax, not a subject — prose here breaks the lesson (a section heading, matched as stored)"
